feature,importance
thal,0.23950540132385525
oldpeak,0.2056208877636038
ca,0.1910970963401231
thalach,0.18848777862720623
cp,0.17528883594521166
